{
    /**
     * [Mandatory] It should match the corresponding section_id defined in the INI file (string)
     *  Important: This ID must identify unequivocally your collection in the whole MiSTer ecosystem.
     */
    "db_id": "snesa1",


    /**
     * [Mandatory] UNIX Epoch Time taken during the generation of this file (number)
     *
     * Relevant utilities
     *  · date +%s
     *  · https://www.unixtimestamp.com/
     */
    "timestamp": 1753030330,


    /**
     * [Mandatory] Files to be downloaded
     */
    "files": {
        /**
          * The keys of the dictionary are the paths of the files you want to download.
          * Paths should be unique in the system in order to avoid conflicts. In other
          * words, different collections should never share same paths.
          */
        "_Console/SNESa1_20250720.rbf": {
            /**
            * [Mandatory] MD5 Hash of the file (string)
            */
            "hash": "ed98b61bb0461e5b4051ce9df4f48341",


            /**
            * [Mandatory] Size in bytes of the file (number)
            */
            "size": 4425660,


            /**
            * [Mandatory if the top level field `base_files_url` is missing]
            * [Optional otherwise]
            *            Download source (string).
            *            If this field is missing, it will be calculated with (`base_files_url` + the key of the file).
            *            Or it will error if `base_files_url` is also missing.
            */
            "url": "https://raw.githubusercontent.com/littlegamer87/SNESa1_MiSTer/master/releases/SNESa1_20250720.rbf",

            /**
             * [Optional] List of tags or tag indexes associated with current file (list of strings OR list of numbers)
             *            The download filters feature uses this to match this file.
             *            Default value: empty list.
             */
            //"tags": [],

            /**
            * [Optional] If there is a file already present in the path, should it be overwritten? (boolean)
            *            Default value: true
            */
            "overwrite": true,

            /**
            * [Optional] Can this file be considered an "External Path" by Downloader? (string).
            *            Check the External Paths section of this document for more information.
            *            By default is not defined.
            */
            //"path": "pext",

            /**
            * [Optional] Should reboot after installing this file? (boolean).
            *            Default value: false
            */
            "reboot": false,
        },


        /**
          * ... Same for other files ...
          */
        "games/SNES/boot1.rom": {
            "hash": "81b568f3d496fc458ac713fd7459ed4c",
            "size": 3107,
            "url": "https://raw.githubusercontent.com/littlegamer87/SNESa1_MiSTer/master/releases/boot1.rom"
        },
    },


    /**
     * [Mandatory] Folders to be created
     */
    "folders": {
        /**
          * The keys of the dictionary are the parent folders of the files you want to create.
          */
        "_Console/": {
            /**
             * [Optional] List of tags or tag indexes associated with current folder (list of strings OR list of numbers)
             *            The download filters feature uses this to match this folder.
             *            Default value: empty list.
             */
            //"tags": [],

            /**
            * [Optional] Can this folder be considered an "External Path" by Downloader? (string).
            *            Check the External Paths section of this document for more information.
            *            By default is not defined.
            */
            //"path": "pext",
        },


        /**
          * ... Same for other folders ...
          */
        "games/SNES/": {}
    },

    //
    // Following fields are optional and may be omitted. Database maintainers may achieve most use cases with the
    // fields documented above. Feel free to stop reading the following documentation.
    //

    /**
     * [Optional] The common initial part of all your URLs in this DB (string). It allows saving space in the database
     *            file, if the initial part of the URL is redundant accross the entire database.
     */
    //"base_files_url": "https://raw.githubusercontent.com/theypsilon/Downloader_MiSTer/",

    /**
     * [Optional] Defines a key-value map that links between tags and tag indexes. Tags are used by download filters.
     *            They allow matching the files containing the tags specified by the filter terms.
     *            Tag indexes are more efficient to use than whole tags, thus this dictionary allows better performance.
     */
    //"tag_dictionary": {
        /**
          * The keys of the dictionary are the filter tags. They are matched against the terms introduced in the filters.
          *     They must be strings. But transformed into lowercase letters and stripped of `_` and `-` characters.
          *     Matching will happen regardless of the transformation. For example, term 'Some-Tag' matches key 'sometag'.
          * The values of the dictionary are the term indexes. They must be integers.
          *
          * Examples:
          */
        //"sometag": 0,
        //"othertag": 1
    }


    /**
     * [Optional] Local databases to import before fecthing the online databases.
     *            During the local import, nothing is fetched. Only the local store is updated if the files
     *            from the local databases matches with the files on the filesystem.
     *            These loccal databases will be imported just once, then the file will be removed.
     */
    //"db_files": [],

    /**
     * [Optional] Databases can specify default options, like default filters, default downloader_timeout, etc...
     */
    //"default_options": {
        // Documented in the "Default Options" section of this page.
    },


    /**
     * [Optional] Databases can use ZIPs to download and install a big amount of files more efficiently.
     */
    //"zips": {
        // TO BE DOCUMENTED
    },
}
