{
    "db_id": "snesa1",
    "timestamp": 1753030330,
    "files": {
        "_Console/SNESa1_20250720.rbf": {
            "hash": "ed98b61bb0461e5b4051ce9df4f48341",
            "size": 4425660,
            "url": "https://raw.githubusercontent.com/littlegamer87/SNESa1_MiSTer/master/releases/SNESa1_20250720.rbf",
            "overwrite": true,
            "reboot": false
        },
        "games/SNES/boot1.rom": {
            "hash": "81b568f3d496fc458ac713fd7459ed4c",
            "size": 3107,
            "url": "https://raw.githubusercontent.com/littlegamer87/SNESa1_MiSTer/master/releases/boot1.rom"
        }
    },
    "folders": {
        "_Console/": {},
        "games/SNES/": {}
    }
}
